epoch,train_loss,valid_loss,accuracy,time
-1,3.328326,3.122928,0.314351,19:42
0,1.928001,1.996182,0.520855,28:57
1,1.85042